"TOUCHNET_MERCHANT_ID","MERCHANT_ID","FID","SETTLEMENT_DATE","REFERENCE_ID","TRANS_TYPE","ANCILLARY_DATA","RAW_ANCILLARY_DATA","CARD_TYPE_CODE","TRANS_AMT","TRANS_DATE","AUTHORIZED_AMT"
"15","00000000000","---","2022-06-30 18:00:23","20220621000236","CR","12593791","sys_tracking_id=2016390 Buyer=John Smith EXT_TRANS_ID=12593791","VISA","-55","2022-06-30 13:32:36","-55"
"15","00000000000","---","2022-06-30 18:00:22","20220628000256","CR","12717180","sys_tracking_id=2018869 Buyer=John Smith EXT_TRANS_ID=12717180","VISA","-110","2022-06-30 13:31:00","-110"
"15","00000000000","---","2022-06-30 18:00:23","20220629000291","CR","12735112","sys_tracking_id=2019318 Buyer=John Smith EXT_TRANS_ID=12735112","MC","-55","2022-06-30 13:42:26","-55"
"15","00000000000","---","2022-06-30 18:00:17","20220629000296","PUR","Basket: 12735477","Basket: 12735477","VISA","55","2022-06-29 18:13:08","55"
"15","00000000000","---","2022-06-30 18:00:17","20220629000306","PUR","Basket: 12735611","Basket: 12735611","VISA","70","2022-06-29 18:36:33","70"
"15","00000000000","---","2022-06-30 18:00:17","20220629000309","PUR","Basket: 12735736","Basket: 12735736","VISA","70","2022-06-29 18:39:05","70"
"15","00000000000","---","2022-06-30 18:00:17","20220629000310","PUR","Basket: 12735817","Basket: 12735817","VISA","165","2022-06-29 18:40:45","165"
"15","00000000000","---","2022-06-30 18:00:17","20220629000314","PUR","Basket: 12735896","Basket: 12735896","VISA","60","2022-06-29 18:46:49","60"
"15","00000000000","---","2022-06-30 18:00:17","20220629000315","PUR","Basket: 12735918","Basket: 12735918","VISA","55","2022-06-29 18:48:53","55"
"15","00000000000","---","2022-06-30 18:00:17","20220629000320","PUR","Basket: 12735403","Basket: 12735403","VISA","60","2022-06-29 19:04:59","60"
"15","00000000000","---","2022-06-30 18:00:17","20220629000324","PUR","Basket: 12736271","Basket: 12736271","VISA","55","2022-06-29 19:17:06","55"
"15","00000000000","---","2022-06-30 18:00:17","20220629000326","PUR","Basket: 12736316","Basket: 12736316","VISA","55","2022-06-29 19:20:42","55"
"15","00000000000","---","2022-06-30 18:00:18","20220629000328","PUR","Basket: 12736314","Basket: 12736314","VISA","55","2022-06-29 19:28:30","55"
"15","00000000000","---","2022-06-30 18:00:18","20220629000331","PUR","Basket: 12736448","Basket: 12736448","VISA","55","2022-06-29 19:31:32","55"
"15","00000000000","---","2022-06-30 18:00:18","20220629000336","PUR","Basket: 12736592","Basket: 12736592","VISA","55","2022-06-29 19:44:04","55"
"15","00000000000","---","2022-06-30 18:00:18","20220629000341","PUR","Basket: 12736636","Basket: 12736636","VISA","55","2022-06-29 19:46:31","55"
"15","00000000000","---","2022-06-30 18:00:18","20220629000344","PUR","Basket: 12736602","Basket: 12736602","VISA","55","2022-06-29 19:49:16","55"
"15","00000000000","---","2022-06-30 18:00:18","20220629000359","PUR","Basket: 12737244","Basket: 12737244","VISA","55","2022-06-29 20:40:53","55"
"15","00000000000","---","2022-06-30 18:00:18","20220629000363","PUR","Basket: 12737452","Basket: 12737452","VISA","55","2022-06-29 20:54:44","55"
"15","00000000000","---","2022-06-30 18:00:18","20220629000368","PUR","Basket: 12737706","Basket: 12737706","MC","55","2022-06-29 21:17:09","55"
"15","00000000000","---","2022-06-30 18:00:18","20220629000377","PUR","Basket: 12738054","Basket: 12738054","VISA","55","2022-06-29 21:44:27","55"
"15","00000000000","---","2022-06-30 18:00:19","20220629000382","PUR","Basket: 12738303","Basket: 12738303","VISA","110","2022-06-29 22:06:10","110"
"15","00000000000","---","2022-06-30 18:00:19","20220629000390","PUR","Basket: 12738884","Basket: 12738884","VISA","55","2022-06-29 22:56:24","55"
"15","00000000000","---","2022-06-30 18:00:19","20220629000394","PUR","Basket: 12739101","Basket: 12739101","VISA","55","2022-06-29 23:11:40","55"
"15","00000000000","---","2022-06-30 18:00:19","20220629000397","PUR","Basket: 12740696","Basket: 12740696","VISA","110","2022-06-29 23:38:10","110"
"15","00000000000","---","2022-06-30 18:00:19","20220629000401","PUR","Basket: 12740987","Basket: 12740987","VISA","55","2022-06-29 23:59:21","55"
"15","00000000000","---","2022-06-30 18:00:19","20220630000000","PUR","Basket: 12741002","Basket: 12741002","VISA","55","2022-06-30 00:03:31","55"
"15","00000000000","---","2022-06-30 18:00:19","20220630000002","PUR","Basket: 12741222","Basket: 12741222","VISA","55","2022-06-30 00:18:38","55"
"15","00000000000","---","2022-06-30 18:00:19","20220630000006","PUR","Basket: 12741475","Basket: 12741475","VISA","55","2022-06-30 00:40:22","55"
"15","00000000000","---","2022-06-30 18:00:19","20220630000007","PUR","Basket: 12741549","Basket: 12741549","VISA","60","2022-06-30 00:50:02","60"
"15","00000000000","---","2022-06-30 18:00:19","20220630000015","PUR","Basket: 12742442","Basket: 12742442","MC","110","2022-06-30 02:05:49","110"
"15","00000000000","---","2022-06-30 18:00:20","20220630000025","PUR","Basket: 12743794","Basket: 12743794","MC","40","2022-06-30 04:23:30","40"
"15","00000000000","---","2022-06-30 18:00:20","20220630000026","PUR","Basket: 12743794","Basket: 12743794","MC","40","2022-06-30 04:32:05","40"
"15","00000000000","---","2022-06-30 18:00:20","20220630000035","PUR","Basket: 12746042","Basket: 12746042","VISA","60","2022-06-30 07:46:29","60"
"15","00000000000","---","2022-06-30 18:00:20","20220630000036","PUR","Basket: 12746157","Basket: 12746157","VISA","70","2022-06-30 07:55:49","70"
"15","00000000000","---","2022-06-30 18:00:20","20220630000038","PUR","Basket: 12746366","Basket: 12746366","MC","70","2022-06-30 08:19:46","70"
"15","00000000000","---","2022-06-30 18:00:20","20220630000040","PUR","Basket: 12746428","Basket: 12746428","VISA","70","2022-06-30 08:20:13","70"
"15","00000000000","---","2022-06-30 18:00:20","20220630000041","PUR","Basket: 12746459","Basket: 12746459","VISA","60","2022-06-30 08:25:31","60"
"15","00000000000","---","2022-06-30 18:00:20","20220630000047","PUR","Basket: 12746697","Basket: 12746697","VISA","70","2022-06-30 08:59:33","70"
"15","00000000000","---","2022-06-30 18:00:20","20220630000057","PUR","Basket: 12747345","Basket: 12747345","VISA","110","2022-06-30 09:33:58","110"
"15","00000000000","---","2022-06-30 18:00:21","20220630000060","PUR","Basket: 12747431","Basket: 12747431","MC","55","2022-06-30 09:43:13","55"
"15","00000000000","---","2022-06-30 18:00:21","20220630000068","PUR","Basket: 12747688","Basket: 12747688","MC","330","2022-06-30 10:03:48","330"
"15","00000000000","---","2022-06-30 18:00:21","20220630000069","PUR","Basket: 12747728","Basket: 12747728","MC","60","2022-06-30 10:07:09","60"
"15","00000000000","---","2022-06-30 18:00:21","20220630000071","PUR","Basket: 12747776","Basket: 12747776","MC","70","2022-06-30 10:13:32","70"
"15","00000000000","---","2022-06-30 18:00:21","20220630000074","PUR","Basket: 12747913","Basket: 12747913","VISA","110","2022-06-30 10:24:34","110"
"15","00000000000","---","2022-06-30 18:00:21","20220630000076","PUR","Basket: 12747959","Basket: 12747959","VISA","70","2022-06-30 10:26:25","70"
"15","00000000000","---","2022-06-30 18:00:21","20220630000099","PUR","Basket: 12748742","Basket: 12748742","VISA","70","2022-06-30 11:32:41","70"
"15","00000000000","---","2022-06-30 18:00:21","20220630000106","PUR","Basket: 12748810","Basket: 12748810","MC","55","2022-06-30 11:43:25","55"
"15","00000000000","---","2022-06-30 18:00:21","20220630000107","PUR","Basket: 12749002","Basket: 12749002","MC","70","2022-06-30 11:52:42","70"
"15","00000000000","---","2022-06-30 18:00:22","20220630000115","PUR","Basket: 12749351","Basket: 12749351","VISA","70","2022-06-30 12:20:34","70"
"15","00000000000","---","2022-06-30 18:00:22","20220630000123","PUR","Basket: 12749481","Basket: 12749481","VISA","70","2022-06-30 12:30:24","70"
"15","00000000000","---","2022-06-30 18:00:22","20220630000131","PUR","Basket: 12749658","Basket: 12749658","VISA","165","2022-06-30 12:49:32","165"
"15","00000000000","---","2022-06-30 18:00:22","20220630000135","PUR","Basket: 12749756","Basket: 12749756","VISA","70","2022-06-30 12:54:07","70"
"15","00000000000","---","2022-06-30 18:00:22","20220630000139","PUR","Basket: 12749875","Basket: 12749875","MC","60","2022-06-30 13:02:51","60"
"15","00000000000","---","2022-06-30 18:00:22","20220630000140","PUR","Basket: 12749897","Basket: 12749897","VISA","70","2022-06-30 13:04:03","70"
"15","00000000000","---","2022-06-30 18:00:22","20220630000149","PUR","Basket: 12750079","Basket: 12750079","VISA","60","2022-06-30 13:17:39","60"
"15","00000000000","---","2022-06-30 18:00:22","20220630000151","PUR","Basket: 12750097","Basket: 12750097","VISA","70","2022-06-30 13:19:38","70"
"15","00000000000","---","2022-06-30 18:00:23","20220630000160","PUR","Basket: 12750266","Basket: 12750266","VISA","40","2022-06-30 13:36:58","40"
"15","00000000000","---","2022-06-30 18:00:23","20220630000161","PUR","Basket: 12750299","Basket: 12750299","VISA","55","2022-06-30 13:37:13","55"
"15","00000000000","---","2022-06-30 18:00:23","20220630000165","PUR","Basket: 12750352","Basket: 12750352","VISA","60","2022-06-30 13:43:42","60"
"15","00000000000","---","2022-06-30 18:00:23","20220630000171","PUR","Basket: 12750433","Basket: 12750433","VISA","55","2022-06-30 13:50:24","55"
"15","00000000000","---","2022-06-30 18:00:23","20220630000174","PUR","Basket: 12750564","Basket: 12750564","VISA","110","2022-06-30 13:56:17","110"
"15","00000000000","---","2022-06-30 18:00:23","20220630000175","PUR","Basket: 12750602","Basket: 12750602","MC","55","2022-06-30 13:58:24","55"
"15","00000000000","---","2022-06-30 18:00:23","20220630000180","PUR","Basket: 12750726","Basket: 12750726","VISA","70","2022-06-30 14:07:48","70"
"15","00000000000","---","2022-06-30 18:00:24","20220630000181","PUR","Basket: 12750717","Basket: 12750717","VISA","60","2022-06-30 14:08:07","60"
"15","00000000000","---","2022-06-30 18:00:24","20220630000182","PUR","Basket: 12750770","Basket: 12750770","VISA","220","2022-06-30 14:10:33","220"
"15","00000000000","---","2022-06-30 18:00:24","20220630000185","PUR","Basket: 12750789","Basket: 12750789","VISA","60","2022-06-30 14:17:11","60"
"15","00000000000","---","2022-06-30 18:00:24","20220630000194","PUR","Basket: 12751142","Basket: 12751142","VISA","60","2022-06-30 14:40:10","60"
"15","00000000000","---","2022-06-30 18:00:24","20220630000197","PUR","Basket: 12751136","Basket: 12751136","VISA","55","2022-06-30 14:42:10","55"
"15","00000000000","---","2022-06-30 18:00:24","20220630000198","PUR","Basket: 12751167","Basket: 12751167","VISA","55","2022-06-30 14:42:31","55"
"15","00000000000","---","2022-06-30 18:00:24","20220630000204","PUR","Basket: 12751354","Basket: 12751354","VISA","10","2022-06-30 14:57:14","10"
"15","00000000000","---","2022-06-30 18:00:24","20220630000213","PUR","Basket: 12751597","Basket: 12751597","VISA","70","2022-06-30 15:19:03","70"
"15","00000000000","---","2022-06-30 18:00:24","20220630000214","PUR","Basket: 12751646","Basket: 12751646","MC","60","2022-06-30 15:21:33","60"
"15","00000000000","---","2022-06-30 18:00:25","20220630000215","PUR","Basket: 12751607","Basket: 12751607","VISA","70","2022-06-30 15:22:23","70"
"15","00000000000","---","2022-06-30 18:00:25","20220630000216","PUR","Basket: 12751677","Basket: 12751677","MC","60","2022-06-30 15:23:20","60"
"15","00000000000","---","2022-06-30 18:00:25","20220630000218","PUR","Basket: 12751718","Basket: 12751718","VISA","70","2022-06-30 15:27:57","70"
"15","00000000000","---","2022-06-30 18:00:25","20220630000234","PUR","Basket: 12752019","Basket: 12752019","VISA","55","2022-06-30 15:54:54","55"
"15","00000000000","---","2022-06-30 18:00:25","20220630000235","PUR","Basket: 12752079","Basket: 12752079","MC","55","2022-06-30 15:55:05","55"
"15","00000000000","---","2022-06-30 18:00:25","20220630000244","PUR","Basket: 12752311","Basket: 12752311","VISA","60","2022-06-30 16:12:42","60"
"15","00000000000","---","2022-06-30 18:00:25","20220630000246","PUR","Basket: 12752329","Basket: 12752329","MC","70","2022-06-30 16:15:18","70"
"15","00000000000","---","2022-06-30 18:00:25","20220630000248","PUR","Basket: 12752317","Basket: 12752317","VISA","110","2022-06-30 16:21:07","110"
"15","00000000000","---","2022-06-30 18:00:25","20220630000256","PUR","Basket: 12752676","Basket: 12752676","VISA","55","2022-06-30 16:42:49","55"
"15","00000000000","---","2022-06-30 18:00:26","20220630000257","PUR","Basket: 12752712","Basket: 12752712","VISA","70","2022-06-30 16:44:58","70"
"15","00000000000","---","2022-06-30 18:00:26","20220630000259","PUR","Basket: 12752740","Basket: 12752740","VISA","220","2022-06-30 16:47:18","220"
"15","00000000000","---","2022-06-30 18:00:26","20220630000261","PUR","Basket: 12752776","Basket: 12752776","VISA","70","2022-06-30 16:49:45","70"
"15","00000000000","---","2022-06-30 18:00:26","20220630000267","PUR","Basket: 12752876","Basket: 12752876","VISA","60","2022-06-30 16:59:59","60"
"15","00000000000","---","2022-06-30 18:00:26","20220630000273","PUR","Basket: 12752999","Basket: 12752999","MC","60","2022-06-30 17:09:16","60"
"15","00000000000","---","2022-06-30 18:00:26","20220630000283","PUR","Basket: 12753398","Basket: 12753398","VISA","70","2022-06-30 17:41:26","70"
"16","00000000000","---","2022-06-30 18:00:28","20220630000032","PUR","sys_tracking_id=2019464 Buyer=John Smith","sys_tracking_id=2019464 Buyer=John Smith","VISA","1106.7","2022-06-30 06:52:34","1106.7"
"16","00000000000","---","2022-06-30 18:00:28","20220630000147","PUR","sys_tracking_id=2019584 Buyer=John Smith","sys_tracking_id=2019584 Buyer=John Smith","MC","837","2022-06-30 13:14:51","837"
"17","00000000000","115","2022-06-30 18:00:31","20220629000330","PUR","CES=457610,FID=115FAU=3E012376","sys_tracking_id=2019359 EXT_TRANS_ID=CES=457610,FID=115FAU=3E012376","VISA","850","2022-06-29 19:30:38","850"
"17","00000000000","115","2022-06-30 18:00:31","20220630000028","PUR","CES=457611,FID=115FAU=3E012528","sys_tracking_id=2019460 EXT_TRANS_ID=CES=457611,FID=115FAU=3E012528","AMEX","2500","2022-06-30 05:32:46","2500"
"17","00000000000","115","2022-06-30 18:00:31","20220630000029","PUR","CES=457612,FID=115FAU=3E012573","sys_tracking_id=2019461 EXT_TRANS_ID=CES=457612,FID=115FAU=3E012573","MC","100","2022-06-30 06:16:09","100"
"17","00000000000","115","2022-06-30 18:00:31","20220630000062","PUR","CES=457613,FID=115FAU=3E012573","sys_tracking_id=2019495 EXT_TRANS_ID=CES=457613,FID=115FAU=3E012573","VISA","30","2022-06-30 09:44:16","30"
"17","00000000000","115","2022-06-30 18:00:31","20220630000156","PUR","CES=457614,FID=115FAU=3E012528","sys_tracking_id=2019593 EXT_TRANS_ID=CES=457614,FID=115FAU=3E012528","VISA","3400","2022-06-30 13:32:42","3400"
"17","00000000000","115","2022-06-30 18:00:31","20220630000190","PUR","CES=457615,FID=115FAU=3E012558","sys_tracking_id=2019628 EXT_TRANS_ID=CES=457615,FID=115FAU=3E012558","VISA","119","2022-06-30 14:28:05","119"
"17","00000000000","115","2022-06-30 18:00:31","20220630000222","PUR","CES=457616,FID=115FAU=3E012558","sys_tracking_id=2019660 EXT_TRANS_ID=CES=457616,FID=115FAU=3E012558","AMEX","119","2022-06-30 15:34:22","119"
"17","00000000000","115","2022-06-30 18:00:31","20220630000226","PUR","CES=457617,FID=115FAU=3E012558","sys_tracking_id=2019664 EXT_TRANS_ID=CES=457617,FID=115FAU=3E012558","AMEX","119","2022-06-30 15:37:34","119"
"19","00000000000","INC","2022-06-30 18:00:48","20210727000167","CR","PBID=292727 UPTID=324382 FID=INC","sys_tracking_id=1887001 Buyer=John Smith EXT_TRANS_ID=PBID=292727 UPTID=324382 FID=INC","VISA","-80","2022-06-29 18:02:35","-80"
"19","00000000000","INC","2022-06-30 18:00:48","20220225000617","CR","PBID=316305 UPTID=348947 FID=INC","sys_tracking_id=1959480 Buyer=John Smith EXT_TRANS_ID=PBID=316305 UPTID=348947 FID=INC","VISA","-295","2022-06-29 18:06:08","-295"
"19","00000000000","INC","2022-06-30 18:00:48","20220502000387","CR","PBID=325233 UPTID=358218 FID=INC","sys_tracking_id=1995320 Buyer=John Smith EXT_TRANS_ID=PBID=325233 UPTID=358218 FID=INC","VISA","-40","2022-06-29 18:08:35","-40"
"19","00000000000","INC","2022-06-30 18:00:47","20220629000294","PUR","PBID=332671 UPTID=365951 FID=INC","sys_tracking_id=2019321 EXT_TRANS_ID=PBID=332671 UPTID=365951 FID=INC","VISA","160","2022-06-29 18:01:31","160"
"19","00000000000","INC","2022-06-30 18:00:48","20220629000297","PUR","PBID=332672 UPTID=365952 FID=INC","sys_tracking_id=2019324 EXT_TRANS_ID=PBID=332672 UPTID=365952 FID=INC","MC","115","2022-06-29 18:15:39","115"
"19","00000000000","INC","2022-06-30 18:00:48","20220629000301","PUR","PBID=332673 UPTID=365953 FID=INC","sys_tracking_id=2019328 EXT_TRANS_ID=PBID=332673 UPTID=365953 FID=INC","AMEX","150","2022-06-29 18:19:01","150"
"19","00000000000","INC","2022-06-30 18:00:48","20220629000304","PUR","PBID=332674 UPTID=365954 FID=INC","sys_tracking_id=2019331 EXT_TRANS_ID=PBID=332674 UPTID=365954 FID=INC","MC","215","2022-06-29 18:27:06","215"
"19","00000000000","INC","2022-06-30 18:00:48","20220629000305","PUR","PBID=332675 UPTID=365957 FID=INC","sys_tracking_id=2019332 EXT_TRANS_ID=PBID=332675 UPTID=365957 FID=INC","VISA","160","2022-06-29 18:33:56","160"
"19","00000000000","INC","2022-06-30 18:00:48","20220629000316","PUR","PBID=332676 UPTID=365958 FID=INC","sys_tracking_id=2019343 EXT_TRANS_ID=PBID=332676 UPTID=365958 FID=INC","VISA","260","2022-06-29 18:52:57","260"
"19","00000000000","INC","2022-06-30 18:00:48","20220629000318","PUR","PBID=332677 UPTID=365959 FID=INC","sys_tracking_id=2019345 EXT_TRANS_ID=PBID=332677 UPTID=365959 FID=INC","VISA","40","2022-06-29 18:54:04","40"
"19","00000000000","INC","2022-06-30 18:00:48","20220629000319","PUR","PBID=332679 UPTID=365961 FID=INC","sys_tracking_id=2019346 EXT_TRANS_ID=PBID=332679 UPTID=365961 FID=INC","VISA","100","2022-06-29 19:04:12","100"
"19","00000000000","INC","2022-06-30 18:00:49","20220629000321","PUR","PBID=332680 UPTID=365962 FID=INC","sys_tracking_id=2019348 EXT_TRANS_ID=PBID=332680 UPTID=365962 FID=INC","VISA","190","2022-06-29 19:11:39","190"
"19","00000000000","INC","2022-06-30 18:00:49","20220629000333","PUR","PBID=332682 UPTID=365964 FID=INC","sys_tracking_id=2019362 EXT_TRANS_ID=PBID=332682 UPTID=365964 FID=INC","DISC","50","2022-06-29 19:38:00","50"
"19","00000000000","INC","2022-06-30 18:00:49","20220629000334","PUR","PBID=332683 UPTID=365965 FID=INC","sys_tracking_id=2019363 EXT_TRANS_ID=PBID=332683 UPTID=365965 FID=INC","VISA","26","2022-06-29 19:40:29","26"
"19","00000000000","INC","2022-06-30 18:00:49","20220629000338","PUR","PBID=332685 UPTID=365967 FID=INC","sys_tracking_id=2019367 EXT_TRANS_ID=PBID=332685 UPTID=365967 FID=INC","VISA","93","2022-06-29 19:44:54","93"
"19","00000000000","INC","2022-06-30 18:00:49","20220629000340","PUR","PBID=332686 UPTID=365968 FID=INC","sys_tracking_id=2019370 EXT_TRANS_ID=PBID=332686 UPTID=365968 FID=INC","VISA","26","2022-06-29 19:46:31","26"
"19","00000000000","INC","2022-06-30 18:00:49","20220629000343","PUR","PBID=332684 UPTID=365966 FID=INC","sys_tracking_id=2019372 EXT_TRANS_ID=PBID=332684 UPTID=365966 FID=INC","MC","135","2022-06-29 19:47:17","135"
"19","00000000000","INC","2022-06-30 18:00:49","20220629000347","PUR","PBID=332687 UPTID=365969 FID=INC","sys_tracking_id=2019376 EXT_TRANS_ID=PBID=332687 UPTID=365969 FID=INC","VISA","50","2022-06-29 19:56:37","50"
"19","00000000000","INC","2022-06-30 18:00:49","20220629000348","PUR","PBID=332688 UPTID=365970 FID=INC","sys_tracking_id=2019377 EXT_TRANS_ID=PBID=332688 UPTID=365970 FID=INC","MC","60","2022-06-29 19:57:46","60"
"19","00000000000","INC","2022-06-30 18:00:49","20220629000350","PUR","PBID=332689 UPTID=365971 FID=INC","sys_tracking_id=2019379 EXT_TRANS_ID=PBID=332689 UPTID=365971 FID=INC","MC","300","2022-06-29 20:10:26","300"
"19","00000000000","INC","2022-06-30 18:00:50","20220629000351","PUR","PBID=332690 UPTID=365972 FID=INC","sys_tracking_id=2019380 EXT_TRANS_ID=PBID=332690 UPTID=365972 FID=INC","MC","95","2022-06-29 20:13:15","95"
"19","00000000000","INC","2022-06-30 18:00:50","20220629000352","PUR","PBID=332691 UPTID=365973 FID=INC","sys_tracking_id=2019381 EXT_TRANS_ID=PBID=332691 UPTID=365973 FID=INC","VISA","130","2022-06-29 20:15:15","130"
"19","00000000000","INC","2022-06-30 18:00:50","20220629000360","PUR","PBID=332692 UPTID=365974 FID=INC","sys_tracking_id=2019389 EXT_TRANS_ID=PBID=332692 UPTID=365974 FID=INC","DISC","130","2022-06-29 20:43:23","130"
"19","00000000000","INC","2022-06-30 18:00:50","20220629000361","PUR","PBID=332693 UPTID=365975 FID=INC","sys_tracking_id=2019390 EXT_TRANS_ID=PBID=332693 UPTID=365975 FID=INC","VISA","100","2022-06-29 20:45:43","100"
"19","00000000000","INC","2022-06-30 18:00:50","20220629000370","PUR","PBID=332696 UPTID=365978 FID=INC","sys_tracking_id=2019399 EXT_TRANS_ID=PBID=332696 UPTID=365978 FID=INC","AMEX","186","2022-06-29 21:22:01","186"
"19","00000000000","INC","2022-06-30 18:00:50","20220629000373","PUR","PBID=332697 UPTID=365979 FID=INC","sys_tracking_id=2019402 EXT_TRANS_ID=PBID=332697 UPTID=365979 FID=INC","MC","70","2022-06-29 21:34:43","70"
"19","00000000000","INC","2022-06-30 18:00:50","20220629000374","PUR","PBID=332698 UPTID=365980 FID=INC","sys_tracking_id=2019403 EXT_TRANS_ID=PBID=332698 UPTID=365980 FID=INC","DISC","40","2022-06-29 21:36:00","40"
"19","00000000000","INC","2022-06-30 18:00:50","20220629000375","PUR","PBID=332699 UPTID=365981 FID=INC","sys_tracking_id=2019404 EXT_TRANS_ID=PBID=332699 UPTID=365981 FID=INC","VISA","95","2022-06-29 21:36:21","95"
"19","00000000000","INC","2022-06-30 18:00:51","20220629000379","PUR","PBID=332701 UPTID=365983 FID=INC","sys_tracking_id=2019408 EXT_TRANS_ID=PBID=332701 UPTID=365983 FID=INC","VISA","318","2022-06-29 21:56:25","318"
"19","00000000000","INC","2022-06-30 18:00:51","20220629000380","PUR","PBID=332700 UPTID=365982 FID=INC","sys_tracking_id=2019409 EXT_TRANS_ID=PBID=332700 UPTID=365982 FID=INC","VISA","50","2022-06-29 21:57:06","50"
"19","00000000000","INC","2022-06-30 18:00:51","20220629000381","PUR","PBID=332702 UPTID=365984 FID=INC","sys_tracking_id=2019410 EXT_TRANS_ID=PBID=332702 UPTID=365984 FID=INC","MC","400","2022-06-29 21:59:51","400"
"19","00000000000","INC","2022-06-30 18:00:51","20220629000383","PUR","PBID=332705 UPTID=365987 FID=INC","sys_tracking_id=2019412 EXT_TRANS_ID=PBID=332705 UPTID=365987 FID=INC","MC","25","2022-06-29 22:21:06","25"
"19","00000000000","INC","2022-06-30 18:00:51","20220629000386","PUR","PBID=332706 UPTID=365988 FID=INC","sys_tracking_id=2019415 EXT_TRANS_ID=PBID=332706 UPTID=365988 FID=INC","VISA","450","2022-06-29 22:31:33","450"
"19","00000000000","INC","2022-06-30 18:00:51","20220629000387","PUR","PBID=332707 UPTID=365989 FID=INC","sys_tracking_id=2019416 EXT_TRANS_ID=PBID=332707 UPTID=365989 FID=INC","VISA","145","2022-06-29 22:44:01","145"
"19","00000000000","INC","2022-06-30 18:00:51","20220629000393","PUR","PBID=332709 UPTID=365991 FID=INC","sys_tracking_id=2019423 EXT_TRANS_ID=PBID=332709 UPTID=365991 FID=INC","VISA","95","2022-06-29 23:10:36","95"
"19","00000000000","INC","2022-06-30 18:00:51","20220629000396","PUR","PBID=332710 UPTID=365992 FID=INC","sys_tracking_id=2019426 EXT_TRANS_ID=PBID=332710 UPTID=365992 FID=INC","VISA","115","2022-06-29 23:29:22","115"
"19","00000000000","INC","2022-06-30 18:00:51","20220629000398","PUR","PBID=332712 UPTID=365994 FID=INC","sys_tracking_id=2019428 EXT_TRANS_ID=PBID=332712 UPTID=365994 FID=INC","MC","30","2022-06-29 23:49:06","30"
"19","00000000000","INC","2022-06-30 18:00:51","20220629000399","PUR","PBID=332711 UPTID=365993 FID=INC","sys_tracking_id=2019429 EXT_TRANS_ID=PBID=332711 UPTID=365993 FID=INC","VISA","400","2022-06-29 23:51:05","400"
"19","00000000000","INC","2022-06-30 18:00:52","20220630000005","PUR","PBID=332715 UPTID=365997 FID=INC","sys_tracking_id=2019437 EXT_TRANS_ID=PBID=332715 UPTID=365997 FID=INC","VISA","200","2022-06-30 00:39:29","200"
"19","00000000000","INC","2022-06-30 18:00:52","20220630000010","PUR","PBID=332717 UPTID=365999 FID=INC","sys_tracking_id=2019442 EXT_TRANS_ID=PBID=332717 UPTID=365999 FID=INC","MC","100","2022-06-30 01:06:22","100"
"19","00000000000","INC","2022-06-30 18:00:52","20220630000016","PUR","PBID=332718 UPTID=366000 FID=INC","sys_tracking_id=2019448 EXT_TRANS_ID=PBID=332718 UPTID=366000 FID=INC","MC","460","2022-06-30 02:06:05","460"
"19","00000000000","INC","2022-06-30 18:00:52","20220630000018","PUR","PBID=332721 UPTID=366003 FID=INC","sys_tracking_id=2019450 EXT_TRANS_ID=PBID=332721 UPTID=366003 FID=INC","VISA","80","2022-06-30 03:02:10","80"
"19","00000000000","INC","2022-06-30 18:00:52","20220630000021","PUR","PBID=332722 UPTID=366004 FID=INC","sys_tracking_id=2019453 EXT_TRANS_ID=PBID=332722 UPTID=366004 FID=INC","VISA","120","2022-06-30 03:58:49","120"
"19","00000000000","INC","2022-06-30 18:00:52","20220630000027","PUR","PBID=332723 UPTID=366005 FID=INC","sys_tracking_id=2019459 EXT_TRANS_ID=PBID=332723 UPTID=366005 FID=INC","VISA","40","2022-06-30 04:33:16","40"
"19","00000000000","INC","2022-06-30 18:00:52","20220630000034","PUR","PBID=332724 UPTID=366006 FID=INC","sys_tracking_id=2019467 EXT_TRANS_ID=PBID=332724 UPTID=366006 FID=INC","VISA","115","2022-06-30 07:39:03","115"
"19","00000000000","INC","2022-06-30 18:00:52","20220630000037","PUR","PBID=332726 UPTID=366008 FID=INC","sys_tracking_id=2019471 EXT_TRANS_ID=PBID=332726 UPTID=366008 FID=INC","VISA","280","2022-06-30 08:17:03","280"
"19","00000000000","INC","2022-06-30 18:00:52","20220630000044","PUR","PBID=332727 UPTID=366009 FID=INC","sys_tracking_id=2019477 EXT_TRANS_ID=PBID=332727 UPTID=366009 FID=INC","VISA","95","2022-06-30 08:52:42","95"
"19","00000000000","INC","2022-06-30 18:00:53","20220630000046","PUR","PBID=332728 UPTID=366010 FID=INC","sys_tracking_id=2019479 EXT_TRANS_ID=PBID=332728 UPTID=366010 FID=INC","AMEX","630","2022-06-30 08:57:09","630"
"19","00000000000","INC","2022-06-30 18:00:53","20220630000051","PUR","PBID=332731 UPTID=366013 FID=INC","sys_tracking_id=2019484 EXT_TRANS_ID=PBID=332731 UPTID=366013 FID=INC","MC","30","2022-06-30 09:18:37","30"
"19","00000000000","INC","2022-06-30 18:00:53","20220630000052","PUR","PBID=332730 UPTID=366012 FID=INC","sys_tracking_id=2019485 EXT_TRANS_ID=PBID=332730 UPTID=366012 FID=INC","MC","345","2022-06-30 09:18:45","345"
"19","00000000000","INC","2022-06-30 18:00:53","20220630000053","PUR","PBID=332732 UPTID=366014 FID=INC","sys_tracking_id=2019486 EXT_TRANS_ID=PBID=332732 UPTID=366014 FID=INC","VISA","40","2022-06-30 09:19:49","40"
"19","00000000000","INC","2022-06-30 18:00:53","20220630000054","PUR","PBID=332733 UPTID=366015 FID=INC","sys_tracking_id=2019487 EXT_TRANS_ID=PBID=332733 UPTID=366015 FID=INC","MC","120","2022-06-30 09:20:23","120"
"19","00000000000","INC","2022-06-30 18:00:53","20220630000056","PUR","PBID=332734 UPTID=366016 FID=INC","sys_tracking_id=2019489 EXT_TRANS_ID=PBID=332734 UPTID=366016 FID=INC","VISA","1080","2022-06-30 09:32:45","1080"
"19","00000000000","INC","2022-06-30 18:00:53","20220630000059","PUR","PBID=332735 UPTID=366017 FID=INC","sys_tracking_id=2019492 EXT_TRANS_ID=PBID=332735 UPTID=366017 FID=INC","MC","50","2022-06-30 09:39:24","50"
"19","00000000000","INC","2022-06-30 18:00:53","20220630000073","PUR","PBID=332736 UPTID=366018 FID=INC","sys_tracking_id=2019506 EXT_TRANS_ID=PBID=332736 UPTID=366018 FID=INC","VISA","15","2022-06-30 10:23:48","15"
"19","00000000000","INC","2022-06-30 18:00:53","20220630000079","PUR","PBID=332737 UPTID=366019 FID=INC","sys_tracking_id=2019512 EXT_TRANS_ID=PBID=332737 UPTID=366019 FID=INC","VISA","93","2022-06-30 10:38:57","93"
"19","00000000000","INC","2022-06-30 18:00:54","20220630000080","PUR","PBID=332738 UPTID=366020 FID=INC","sys_tracking_id=2019513 EXT_TRANS_ID=PBID=332738 UPTID=366020 FID=INC","VISA","100","2022-06-30 10:44:45","100"
"19","00000000000","INC","2022-06-30 18:00:54","20220630000081","PUR","PBID=332739 UPTID=366021 FID=INC","sys_tracking_id=2019514 EXT_TRANS_ID=PBID=332739 UPTID=366021 FID=INC","VISA","260","2022-06-30 10:50:40","260"
"19","00000000000","INC","2022-06-30 18:00:54","20220630000082","PUR","PBID=332741 UPTID=366023 FID=INC","sys_tracking_id=2019515 EXT_TRANS_ID=PBID=332741 UPTID=366023 FID=INC","VISA","260","2022-06-30 10:52:10","260"
"19","00000000000","INC","2022-06-30 18:00:54","20220630000083","PUR","PBID=332740 UPTID=366022 FID=INC","sys_tracking_id=2019516 EXT_TRANS_ID=PBID=332740 UPTID=366022 FID=INC","VISA","60","2022-06-30 10:52:49","60"
"19","00000000000","INC","2022-06-30 18:00:54","20220630000084","PUR","PBID=332743 UPTID=366025 FID=INC","sys_tracking_id=2019517 EXT_TRANS_ID=PBID=332743 UPTID=366025 FID=INC","MC","130","2022-06-30 11:06:00","130"
"19","00000000000","INC","2022-06-30 18:00:54","20220630000090","PUR","PBID=332744 UPTID=366026 FID=INC","sys_tracking_id=2019524 EXT_TRANS_ID=PBID=332744 UPTID=366026 FID=INC","VISA","80","2022-06-30 11:14:14","80"
"19","00000000000","INC","2022-06-30 18:00:54","20220630000092","PUR","PBID=332745 UPTID=366027 FID=INC","sys_tracking_id=2019526 EXT_TRANS_ID=PBID=332745 UPTID=366027 FID=INC","VISA","225","2022-06-30 11:19:30","225"
"19","00000000000","INC","2022-06-30 18:00:54","20220630000095","PUR","PBID=332746 UPTID=366028 FID=INC","sys_tracking_id=2019529 EXT_TRANS_ID=PBID=332746 UPTID=366028 FID=INC","VISA","130","2022-06-30 11:28:04","130"
"19","00000000000","INC","2022-06-30 18:00:54","20220630000110","PUR","PBID=332747 UPTID=366029 FID=INC","sys_tracking_id=2019544 EXT_TRANS_ID=PBID=332747 UPTID=366029 FID=INC","AMEX","40","2022-06-30 12:05:29","40"
"19","00000000000","INC","2022-06-30 18:00:54","20220630000111","PUR","PBID=332748 UPTID=366030 FID=INC","sys_tracking_id=2019545 EXT_TRANS_ID=PBID=332748 UPTID=366030 FID=INC","VISA","450","2022-06-30 12:08:22","450"
"19","00000000000","INC","2022-06-30 18:00:55","20220630000112","PUR","PBID=332749 UPTID=366031 FID=INC","sys_tracking_id=2019546 EXT_TRANS_ID=PBID=332749 UPTID=366031 FID=INC","VISA","80","2022-06-30 12:11:28","80"
"19","00000000000","INC","2022-06-30 18:00:55","20220630000114","PUR","PBID=332751 UPTID=366034 FID=INC","sys_tracking_id=2019548 EXT_TRANS_ID=PBID=332751 UPTID=366034 FID=INC","VISA","50","2022-06-30 12:20:11","50"
"19","00000000000","INC","2022-06-30 18:00:55","20220630000116","PUR","PBID=332750 UPTID=366033 FID=INC","sys_tracking_id=2019550 EXT_TRANS_ID=PBID=332750 UPTID=366033 FID=INC","VISA","180","2022-06-30 12:21:29","180"
"19","00000000000","INC","2022-06-30 18:00:55","20220630000117","PUR","PBID=332752 UPTID=366035 FID=INC","sys_tracking_id=2019551 EXT_TRANS_ID=PBID=332752 UPTID=366035 FID=INC","VISA","315","2022-06-30 12:22:57","315"
"19","00000000000","INC","2022-06-30 18:00:55","20220630000118","PUR","PBID=332753 UPTID=366036 FID=INC","sys_tracking_id=2019552 EXT_TRANS_ID=PBID=332753 UPTID=366036 FID=INC","VISA","270","2022-06-30 12:24:33","270"
"19","00000000000","INC","2022-06-30 18:00:55","20220630000120","PUR","PBID=332754 UPTID=366037 FID=INC","sys_tracking_id=2019554 EXT_TRANS_ID=PBID=332754 UPTID=366037 FID=INC","AMEX","40","2022-06-30 12:26:04","40"
"19","00000000000","INC","2022-06-30 18:00:55","20220630000122","PUR","PBID=332755 UPTID=366038 FID=INC","sys_tracking_id=2019556 EXT_TRANS_ID=PBID=332755 UPTID=366038 FID=INC","VISA","150","2022-06-30 12:30:18","150"
"19","00000000000","INC","2022-06-30 18:00:55","20220630000130","PUR","PBID=332757 UPTID=366040 FID=INC","sys_tracking_id=2019565 EXT_TRANS_ID=PBID=332757 UPTID=366040 FID=INC","VISA","33","2022-06-30 12:47:40","33"
"19","00000000000","INC","2022-06-30 18:00:55","20220630000143","PUR","PBID=332758 UPTID=366041 FID=INC","sys_tracking_id=2019580 EXT_TRANS_ID=PBID=332758 UPTID=366041 FID=INC","AMEX","50","2022-06-30 13:08:43","50"
"19","00000000000","INC","2022-06-30 18:00:56","20220630000145","PUR","PBID=332759 UPTID=366042 FID=INC","sys_tracking_id=2019582 EXT_TRANS_ID=PBID=332759 UPTID=366042 FID=INC","MC","245","2022-06-30 13:13:30","245"
"19","00000000000","INC","2022-06-30 18:00:56","20220630000152","PUR","PBID=332760 UPTID=366043 FID=INC","sys_tracking_id=2019589 EXT_TRANS_ID=PBID=332760 UPTID=366043 FID=INC","VISA","55","2022-06-30 13:19:55","55"
"19","00000000000","INC","2022-06-30 18:00:56","20220630000153","PUR","PBID=332761 UPTID=366044 FID=INC","sys_tracking_id=2019590 EXT_TRANS_ID=PBID=332761 UPTID=366044 FID=INC","VISA","40","2022-06-30 13:26:37","40"
"19","00000000000","INC","2022-06-30 18:00:56","20220630000162","PUR","PBID=332762 UPTID=366045 FID=INC","sys_tracking_id=2019599 EXT_TRANS_ID=PBID=332762 UPTID=366045 FID=INC","VISA","95","2022-06-30 13:39:41","95"
"19","00000000000","INC","2022-06-30 18:00:56","20220630000176","PUR","PBID=332764 UPTID=366048 FID=INC","sys_tracking_id=2019614 EXT_TRANS_ID=PBID=332764 UPTID=366048 FID=INC","MC","50","2022-06-30 13:58:41","50"
"19","00000000000","INC","2022-06-30 18:00:56","20220630000177","PUR","PBID=332765 UPTID=366049 FID=INC","sys_tracking_id=2019615 EXT_TRANS_ID=PBID=332765 UPTID=366049 FID=INC","MC","93","2022-06-30 14:01:30","93"
"19","00000000000","INC","2022-06-30 18:00:56","20220630000178","PUR","PBID=332766 UPTID=366050 FID=INC","sys_tracking_id=2019616 EXT_TRANS_ID=PBID=332766 UPTID=366050 FID=INC","VISA","40","2022-06-30 14:03:26","40"
"19","00000000000","INC","2022-06-30 18:00:56","20220630000179","PUR","PBID=332767 UPTID=366051 FID=INC","sys_tracking_id=2019617 EXT_TRANS_ID=PBID=332767 UPTID=366051 FID=INC","MC","75","2022-06-30 14:06:12","75"
"19","00000000000","INC","2022-06-30 18:00:56","20220630000183","PUR","PBID=332768 UPTID=366052 FID=INC","sys_tracking_id=2019621 EXT_TRANS_ID=PBID=332768 UPTID=366052 FID=INC","VISA","170","2022-06-30 14:10:36","170"
"19","00000000000","INC","2022-06-30 18:00:56","20220630000186","PUR","PBID=332769 UPTID=366053 FID=INC","sys_tracking_id=2019624 EXT_TRANS_ID=PBID=332769 UPTID=366053 FID=INC","VISA","50","2022-06-30 14:18:29","50"
"19","00000000000","INC","2022-06-30 18:00:57","20220630000189","PUR","PBID=332771 UPTID=366055 FID=INC","sys_tracking_id=2019627 EXT_TRANS_ID=PBID=332771 UPTID=366055 FID=INC","VISA","50","2022-06-30 14:27:22","50"
"19","00000000000","INC","2022-06-30 18:00:57","20220630000191","PUR","PBID=332770 UPTID=366054 FID=INC","sys_tracking_id=2019629 EXT_TRANS_ID=PBID=332770 UPTID=366054 FID=INC","MC","130","2022-06-30 14:29:30","130"
"19","00000000000","INC","2022-06-30 18:00:57","20220630000196","PUR","PBID=332774 UPTID=366058 FID=INC","sys_tracking_id=2019634 EXT_TRANS_ID=PBID=332774 UPTID=366058 FID=INC","VISA","230","2022-06-30 14:42:00","230"
"19","00000000000","INC","2022-06-30 18:00:57","20220630000200","PUR","PBID=332773 UPTID=366057 FID=INC","sys_tracking_id=2019638 EXT_TRANS_ID=PBID=332773 UPTID=366057 FID=INC","VISA","110","2022-06-30 14:43:33","110"
"19","00000000000","INC","2022-06-30 18:00:57","20220630000202","PUR","PBID=332775 UPTID=366059 FID=INC","sys_tracking_id=2019640 EXT_TRANS_ID=PBID=332775 UPTID=366059 FID=INC","VISA","185","2022-06-30 14:44:05","185"
"19","00000000000","INC","2022-06-30 18:00:57","20220630000207","PUR","PBID=332776 UPTID=366060 FID=INC","sys_tracking_id=2019645 EXT_TRANS_ID=PBID=332776 UPTID=366060 FID=INC","VISA","40","2022-06-30 15:02:13","40"
"19","00000000000","INC","2022-06-30 18:00:57","20220630000208","PUR","PBID=332777 UPTID=366061 FID=INC","sys_tracking_id=2019646 EXT_TRANS_ID=PBID=332777 UPTID=366061 FID=INC","MC","160","2022-06-30 15:07:24","160"
"19","00000000000","INC","2022-06-30 18:00:57","20220630000210","PUR","PBID=332778 UPTID=366062 FID=INC","sys_tracking_id=2019648 EXT_TRANS_ID=PBID=332778 UPTID=366062 FID=INC","VISA","33","2022-06-30 15:13:46","33"
"19","00000000000","INC","2022-06-30 18:00:57","20220630000223","PUR","PBID=332779 UPTID=366063 FID=INC","sys_tracking_id=2019661 EXT_TRANS_ID=PBID=332779 UPTID=366063 FID=INC","AMEX","40","2022-06-30 15:35:04","40"
"19","00000000000","INC","2022-06-30 18:00:58","20220630000225","PUR","PBID=332780 UPTID=366064 FID=INC","sys_tracking_id=2019663 EXT_TRANS_ID=PBID=332780 UPTID=366064 FID=INC","VISA","200","2022-06-30 15:37:21","200"
"19","00000000000","INC","2022-06-30 18:00:58","20220630000228","PUR","PBID=332781 UPTID=366065 FID=INC","sys_tracking_id=2019666 EXT_TRANS_ID=PBID=332781 UPTID=366065 FID=INC","VISA","95","2022-06-30 15:41:31","95"
"19","00000000000","INC","2022-06-30 18:00:58","20220630000231","PUR","PBID=332782 UPTID=366066 FID=INC","sys_tracking_id=2019669 EXT_TRANS_ID=PBID=332782 UPTID=366066 FID=INC","MC","100","2022-06-30 15:45:41","100"
"19","00000000000","INC","2022-06-30 18:00:58","20220630000239","PUR","PBID=332785 UPTID=366069 FID=INC","sys_tracking_id=2019677 EXT_TRANS_ID=PBID=332785 UPTID=366069 FID=INC","DISC","30","2022-06-30 16:06:23","30"
"19","00000000000","INC","2022-06-30 18:00:58","20220630000242","PUR","PBID=332786 UPTID=366070 FID=INC","sys_tracking_id=2019680 EXT_TRANS_ID=PBID=332786 UPTID=366070 FID=INC","MC","50","2022-06-30 16:12:02","50"
"19","00000000000","INC","2022-06-30 18:00:58","20220630000245","PUR","PBID=332787 UPTID=366071 FID=INC","sys_tracking_id=2019683 EXT_TRANS_ID=PBID=332787 UPTID=366071 FID=INC","MC","150","2022-06-30 16:13:22","150"
"19","00000000000","INC","2022-06-30 18:00:58","20220630000250","PUR","PBID=332788 UPTID=366073 FID=INC","sys_tracking_id=2019688 EXT_TRANS_ID=PBID=332788 UPTID=366073 FID=INC","MC","340","2022-06-30 16:25:33","340"
"19","00000000000","INC","2022-06-30 18:00:58","20220630000252","PUR","PBID=332790 UPTID=366075 FID=INC","sys_tracking_id=2019690 EXT_TRANS_ID=PBID=332790 UPTID=366075 FID=INC","VISA","50","2022-06-30 16:29:52","50"
"19","00000000000","INC","2022-06-30 18:00:58","20220630000253","PUR","PBID=332791 UPTID=366076 FID=INC","sys_tracking_id=2019692 EXT_TRANS_ID=PBID=332791 UPTID=366076 FID=INC","VISA","160","2022-06-30 16:31:42","160"
"19","00000000000","INC","2022-06-30 18:00:58","20220630000255","PUR","PBID=332792 UPTID=366077 FID=INC","sys_tracking_id=2019693 EXT_TRANS_ID=PBID=332792 UPTID=366077 FID=INC","VISA","50","2022-06-30 16:31:44","50"
"19","00000000000","INC","2022-06-30 18:00:59","20220630000260","PUR","PBID=332794 UPTID=366079 FID=INC","sys_tracking_id=2019698 EXT_TRANS_ID=PBID=332794 UPTID=366079 FID=INC","VISA","95","2022-06-30 16:49:08","95"
"19","00000000000","INC","2022-06-30 18:00:59","20220630000262","PUR","PBID=332795 UPTID=366080 FID=INC","sys_tracking_id=2019700 EXT_TRANS_ID=PBID=332795 UPTID=366080 FID=INC","VISA","40","2022-06-30 16:51:13","40"
"19","00000000000","INC","2022-06-30 18:00:59","20220630000264","PUR","PBID=332793 UPTID=366078 FID=INC","sys_tracking_id=2019702 EXT_TRANS_ID=PBID=332793 UPTID=366078 FID=INC","MC","50","2022-06-30 16:52:16","50"
"19","00000000000","INC","2022-06-30 18:00:59","20220630000266","PUR","PBID=332796 UPTID=366081 FID=INC","sys_tracking_id=2019704 EXT_TRANS_ID=PBID=332796 UPTID=366081 FID=INC","VISA","70","2022-06-30 16:56:34","70"
"19","00000000000","INC","2022-06-30 18:00:59","20220630000274","PUR","PBID=332797 UPTID=366082 FID=INC","sys_tracking_id=2019712 EXT_TRANS_ID=PBID=332797 UPTID=366082 FID=INC","VISA","220","2022-06-30 17:10:18","220"
"19","00000000000","INC","2022-06-30 18:00:59","20220630000277","PUR","PBID=332799 UPTID=366084 FID=INC","sys_tracking_id=2019715 EXT_TRANS_ID=PBID=332799 UPTID=366084 FID=INC","VISA","31","2022-06-30 17:19:12","31"
"19","00000000000","INC","2022-06-30 18:00:59","20220630000278","PUR","PBID=332798 UPTID=366083 FID=INC","sys_tracking_id=2019716 EXT_TRANS_ID=PBID=332798 UPTID=366083 FID=INC","VISA","50","2022-06-30 17:20:47","50"
"19","00000000000","INC","2022-06-30 18:00:59","20220630000285","PUR","PBID=332800 UPTID=366085 FID=INC","sys_tracking_id=2019723 EXT_TRANS_ID=PBID=332800 UPTID=366085 FID=INC","MC","35","2022-06-30 17:44:49","35"
"19","00000000000","INC","2022-06-30 18:00:59","20220630000289","PUR","PBID=332801 UPTID=366086 FID=INC","sys_tracking_id=2019727 EXT_TRANS_ID=PBID=332801 UPTID=366086 FID=INC","MC","80","2022-06-30 17:51:32","80"
"23","00000000000","001","2022-06-30 18:01:08","20220629000295","PUR","1847416?FAU=L234SSV4               FID=001","sys_tracking_id=2019322 EXT_TRANS_ID=1847416?FAU=L234SSV4               FID=001","MC","30","2022-06-29 18:10:09","30"
"23","00000000000","001","2022-06-30 18:01:09","20220629000300","PUR","1847418?FAU=L730MGV2               FID=001","sys_tracking_id=2019327 EXT_TRANS_ID=1847418?FAU=L730MGV2               FID=001","VISA","41.25","2022-06-29 18:17:53","41.25"
"23","00000000000","001","2022-06-30 18:01:09","20220629000313","PUR","1847423?FAU=LKKBCONF               FID=001","sys_tracking_id=2019340 EXT_TRANS_ID=1847423?FAU=LKKBCONF               FID=001","VISA","60","2022-06-29 18:45:12","60"
"23","00000000000","001","2022-06-30 18:01:09","20220629000317","PUR","1847431?FAU=L730MGIN               FID=001","sys_tracking_id=2019344 EXT_TRANS_ID=1847431?FAU=L730MGIN               FID=001","VISA","41","2022-06-29 18:53:37","41"
"23","00000000000","001","2022-06-30 18:01:09","20220629000329","PUR","1847440?FAU=L730MGIN               FID=001","sys_tracking_id=2019358 EXT_TRANS_ID=1847440?FAU=L730MGIN               FID=001","VISA","41","2022-06-29 19:28:41","41"
"23","00000000000","001","2022-06-30 18:01:09","20220629000337","PUR","1847445?FAU=L321MGIN               FID=001","sys_tracking_id=2019366 EXT_TRANS_ID=1847445?FAU=L321MGIN               FID=001","AMEX","50","2022-06-29 19:44:05","50"
"23","00000000000","001","2022-06-30 18:01:09","20220629000339","PUR","1847446?FAU=L743HCEI               FID=001","sys_tracking_id=2019368 EXT_TRANS_ID=1847446?FAU=L743HCEI               FID=001","VISA","85","2022-06-29 19:45:27","85"
"23","00000000000","001","2022-06-30 18:01:09","20220629000353","PUR","1847455?FAU=L234MGIN               FID=001","sys_tracking_id=2019382 EXT_TRANS_ID=1847455?FAU=L234MGIN               FID=001","VISA","6","2022-06-29 20:17:12","6"
"23","00000000000","001","2022-06-30 18:01:10","20220629000357","PUR","1847459?FAU=L730MGIN               FID=001","sys_tracking_id=2019386 EXT_TRANS_ID=1847459?FAU=L730MGIN               FID=001","VISA","41","2022-06-29 20:35:52","41"
"23","00000000000","001","2022-06-30 18:01:10","20220629000367","PUR","1847463?FAU=L730MGIN               FID=001","sys_tracking_id=2019396 EXT_TRANS_ID=1847463?FAU=L730MGIN               FID=001","VISA","41","2022-06-29 21:01:44","41"
"23","00000000000","001","2022-06-30 18:01:10","20220629000371","PUR","1847467?FAU=L7334HIN               FID=001","sys_tracking_id=2019400 EXT_TRANS_ID=1847467?FAU=L7334HIN               FID=001","VISA","136","2022-06-29 21:22:52","136"
"23","00000000000","001","2022-06-30 18:01:10","20220629000372","PUR","1847468?FAU=L730MGIN               FID=001","sys_tracking_id=2019401 EXT_TRANS_ID=1847468?FAU=L730MGIN               FID=001","VISA","6","2022-06-29 21:23:09","6"
"23","00000000000","001","2022-06-30 18:01:10","20220629000378","PUR","1847470?FAU=L730MGIN               FID=001","sys_tracking_id=2019407 EXT_TRANS_ID=1847470?FAU=L730MGIN               FID=001","VISA","41","2022-06-29 21:49:53","41"
"23","00000000000","001","2022-06-30 18:01:10","20220629000384","PUR","1847478?FAU=L780MGIN               FID=001","sys_tracking_id=2019413 EXT_TRANS_ID=1847478?FAU=L780MGIN               FID=001","AMEX","6.24","2022-06-29 22:27:12","6.24"
"23","00000000000","001","2022-06-30 18:01:10","20220629000391","PUR","1847488?FAU=L756MGIN               FID=001","sys_tracking_id=2019421 EXT_TRANS_ID=1847488?FAU=L756MGIN               FID=001","VISA","50","2022-06-29 23:04:19","50"
"23","00000000000","001","2022-06-30 18:01:10","20220629000392","PUR","1847489?FAU=L780MGIN               FID=001","sys_tracking_id=2019422 EXT_TRANS_ID=1847489?FAU=L780MGIN               FID=001","AMEX","6.24","2022-06-29 23:04:20","6.24"
"23","00000000000","001","2022-06-30 18:01:10","20220629000395","PUR","1847490?FAU=LCNPCON2               FID=001","sys_tracking_id=2019425 EXT_TRANS_ID=1847490?FAU=LCNPCON2               FID=001","VISA","310","2022-06-29 23:11:41","310"
"23","00000000000","001","2022-06-30 18:01:11","20220629000400","PUR","1847495?FAU=L114MGIN               FID=001","sys_tracking_id=2019430 EXT_TRANS_ID=1847495?FAU=L114MGIN               FID=001","MC","6.5","2022-06-29 23:54:22","6.5"
"23","00000000000","001","2022-06-30 18:01:11","20220630000003","PUR","1847501?FAU=L730MGIN               FID=001","sys_tracking_id=2019435 EXT_TRANS_ID=1847501?FAU=L730MGIN               FID=001","AMEX","41","2022-06-30 00:34:08","41"
"23","00000000000","001","2022-06-30 18:01:11","20220630000012","PUR","1847502?FAU=L730MGIN               FID=001","sys_tracking_id=2019444 EXT_TRANS_ID=1847502?FAU=L730MGIN               FID=001","MC","41","2022-06-30 01:13:20","41"
"23","00000000000","001","2022-06-30 18:01:11","20220630000013","PUR","1847508?FAU=L780MGIN               FID=001","sys_tracking_id=2019445 EXT_TRANS_ID=1847508?FAU=L780MGIN               FID=001","AMEX","6.24","2022-06-30 01:27:42","6.24"
"23","00000000000","001","2022-06-30 18:01:11","20220630000019","PUR","1847516?FAU=L780MGIN               FID=001","sys_tracking_id=2019451 EXT_TRANS_ID=1847516?FAU=L780MGIN               FID=001","VISA","6.24","2022-06-30 03:32:20","6.24"
"23","00000000000","001","2022-06-30 18:01:11","20220630000022","PUR","1847517?FAU=L309MGIN               FID=001","sys_tracking_id=2019454 EXT_TRANS_ID=1847517?FAU=L309MGIN               FID=001","VISA","6.24","2022-06-30 03:58:51","6.24"
"23","00000000000","001","2022-06-30 18:01:11","20220630000030","PUR","1847519?FAU=L780MGIN               FID=001","sys_tracking_id=2019462 EXT_TRANS_ID=1847519?FAU=L780MGIN               FID=001","MC","6.24","2022-06-30 06:26:27","6.24"
"23","00000000000","001","2022-06-30 18:01:11","20220630000043","PUR","1847533?FAU=L309MGIN               FID=001","sys_tracking_id=2019476 EXT_TRANS_ID=1847533?FAU=L309MGIN               FID=001","VISA","6.24","2022-06-30 08:49:04","6.24"
"23","00000000000","001","2022-06-30 18:01:11","20220630000048","PUR","1847536?FAU=L756MGIN               FID=001","sys_tracking_id=2019481 EXT_TRANS_ID=1847536?FAU=L756MGIN               FID=001","MC","50","2022-06-30 09:04:14","50"
"23","00000000000","001","2022-06-30 18:01:12","20220630000050","PUR","1847539?FAU=L780MGIN               FID=001","sys_tracking_id=2019483 EXT_TRANS_ID=1847539?FAU=L780MGIN               FID=001","VISA","6.24","2022-06-30 09:08:36","6.24"
"23","00000000000","001","2022-06-30 18:01:12","20220630000058","PUR","1847543?FAU=L3494HCI               FID=001","sys_tracking_id=2019491 EXT_TRANS_ID=1847543?FAU=L3494HCI               FID=001","MC","412.5","2022-06-30 09:37:05","412.5"
"23","00000000000","001","2022-06-30 18:01:12","20220630000067","PUR","1847545?FAU=LKKBCONF               FID=001","sys_tracking_id=2019500 EXT_TRANS_ID=1847545?FAU=LKKBCONF               FID=001","MC","60","2022-06-30 10:03:16","60"
"23","00000000000","001","2022-06-30 18:01:12","20220630000070","PUR","1847546?FAU=L309MGIN               FID=001","sys_tracking_id=2019503 EXT_TRANS_ID=1847546?FAU=L309MGIN               FID=001","MC","6.24","2022-06-30 10:07:27","6.24"
"23","00000000000","001","2022-06-30 18:01:12","20220630000072","PUR","1847553?FAU=L349CNF0               FID=001","sys_tracking_id=2019505 EXT_TRANS_ID=1847553?FAU=L349CNF0               FID=001","AMEX","75","2022-06-30 10:15:32","75"
"23","00000000000","001","2022-06-30 18:01:12","20220630000075","PUR","1847562?FAU=L730MGV2               FID=001","sys_tracking_id=2019508 EXT_TRANS_ID=1847562?FAU=L730MGV2               FID=001","MC","35","2022-06-30 10:25:19","35"
"23","00000000000","001","2022-06-30 18:01:12","20220630000088","PUR","1847569?FAU=L780MGIN               FID=001","sys_tracking_id=2019522 EXT_TRANS_ID=1847569?FAU=L780MGIN               FID=001","VISA","6.24","2022-06-30 11:09:05","6.24"
"23","00000000000","001","2022-06-30 18:01:12","20220630000091","PUR","1847578?FAU=L780MGIN               FID=001","sys_tracking_id=2019525 EXT_TRANS_ID=1847578?FAU=L780MGIN               FID=001","VISA","6.24","2022-06-30 11:16:46","6.24"
"23","00000000000","001","2022-06-30 18:01:12","20220630000094","PUR","1847579?FAU=L4544HIN               FID=001","sys_tracking_id=2019528 EXT_TRANS_ID=1847579?FAU=L4544HIN               FID=001","VISA","42","2022-06-30 11:26:36","42"
"23","00000000000","001","2022-06-30 18:01:13","20220630000098","PUR","1847580?FAU=L730MGV2               FID=001","sys_tracking_id=2019532 EXT_TRANS_ID=1847580?FAU=L730MGV2               FID=001","VISA","41.25","2022-06-30 11:29:34","41.25"
"23","00000000000","001","2022-06-30 18:01:13","20220630000105","PUR","1847589?FAU=L756MGIN               FID=001","sys_tracking_id=2019539 EXT_TRANS_ID=1847589?FAU=L756MGIN               FID=001","MC","50","2022-06-30 11:40:21","50"
"23","00000000000","001","2022-06-30 18:01:13","20220630000108","PUR","1847595?FAU=LKKBCONF               FID=001","sys_tracking_id=2019542 EXT_TRANS_ID=1847595?FAU=LKKBCONF               FID=001","AMEX","60","2022-06-30 12:00:57","60"
"23","00000000000","001","2022-06-30 18:01:13","20220630000109","PUR","1847597?FAU=LKKBCONF               FID=001","sys_tracking_id=2019543 EXT_TRANS_ID=1847597?FAU=LKKBCONF               FID=001","AMEX","60","2022-06-30 12:03:05","60"
"23","00000000000","001","2022-06-30 18:01:13","20220630000113","PUR","1847601?FAU=L730MGIN               FID=001","sys_tracking_id=2019547 EXT_TRANS_ID=1847601?FAU=L730MGIN               FID=001","VISA","41","2022-06-30 12:15:16","41"
"23","00000000000","001","2022-06-30 18:01:13","20220630000121","PUR","1847609?FAU=L780MGIN               FID=001","sys_tracking_id=2019555 EXT_TRANS_ID=1847609?FAU=L780MGIN               FID=001","VISA","6.24","2022-06-30 12:26:05","6.24"
"23","00000000000","001","2022-06-30 18:01:13","20220630000124","PUR","1847610?FAU=L321MGIN               FID=001","sys_tracking_id=2019558 EXT_TRANS_ID=1847610?FAU=L321MGIN               FID=001","VISA","25","2022-06-30 12:31:14","25"
"23","00000000000","001","2022-06-30 18:01:13","20220630000126","PUR","1847615?FAU=L104MGINOTHER          FID=001","sys_tracking_id=2019560 EXT_TRANS_ID=1847615?FAU=L104MGINOTHER          FID=001","VISA","6","2022-06-30 12:36:23","6"
"23","00000000000","001","2022-06-30 18:01:13","20220630000138","PUR","1847624?FAU=L309MGIN               FID=001","sys_tracking_id=2019575 EXT_TRANS_ID=1847624?FAU=L309MGIN               FID=001","VISA","6.24","2022-06-30 13:02:06","6.24"
"23","00000000000","001","2022-06-30 18:01:14","20220630000141","PUR","1847625?FAU=L3284HCI               FID=001","sys_tracking_id=2019578 EXT_TRANS_ID=1847625?FAU=L3284HCI               FID=001","VISA","25","2022-06-30 13:05:32","25"
"23","00000000000","001","2022-06-30 18:01:14","20220630000144","PUR","1847630?FAU=L321MGIN               FID=001","sys_tracking_id=2019581 EXT_TRANS_ID=1847630?FAU=L321MGIN               FID=001","MC","15","2022-06-30 13:13:03","15"
"23","00000000000","001","2022-06-30 18:01:14","20220630000150","PUR","1847633?FAU=L7334HIN               FID=001","sys_tracking_id=2019587 EXT_TRANS_ID=1847633?FAU=L7334HIN               FID=001","MC","58","2022-06-30 13:17:54","58"
"23","00000000000","001","2022-06-30 18:01:14","20220630000155","PUR","1847637?FAU=L730MGIN               FID=001","sys_tracking_id=2019592 EXT_TRANS_ID=1847637?FAU=L730MGIN               FID=001","VISA","41","2022-06-30 13:30:07","41"
"23","00000000000","001","2022-06-30 18:01:14","20220630000159","PUR","1847641?FAU=L730MGIN               FID=001","sys_tracking_id=2019596 EXT_TRANS_ID=1847641?FAU=L730MGIN               FID=001","VISA","41","2022-06-30 13:35:18","41"
"23","00000000000","001","2022-06-30 18:01:14","20220630000164","PUR","1847643?FAU=L349CNF0               FID=001","sys_tracking_id=2019601 EXT_TRANS_ID=1847643?FAU=L349CNF0               FID=001","VISA","75","2022-06-30 13:41:28","75"
"23","00000000000","001","2022-06-30 18:01:14","20220630000166","PUR","1847645?FAU=LCNPCON2               FID=001","sys_tracking_id=2019603 EXT_TRANS_ID=1847645?FAU=LCNPCON2               FID=001","VISA","1060","2022-06-30 13:44:10","1060"
"23","00000000000","001","2022-06-30 18:01:14","20220630000167","PUR","1847647?FAU=L730MGIN               FID=001","sys_tracking_id=2019604 EXT_TRANS_ID=1847647?FAU=L730MGIN               FID=001","MC","6","2022-06-30 13:46:56","6"
"23","00000000000","001","2022-06-30 18:01:15","20220630000173","PUR","1847648?FAU=L104MGINOTHER          FID=001","sys_tracking_id=2019611 EXT_TRANS_ID=1847648?FAU=L104MGINOTHER          FID=001","VISA","6","2022-06-30 13:53:20","6"
"23","00000000000","001","2022-06-30 18:01:15","20220630000187","PUR","1847653?FAU=L780MGIN               FID=001","sys_tracking_id=2019625 EXT_TRANS_ID=1847653?FAU=L780MGIN               FID=001","VISA","6.24","2022-06-30 14:19:46","6.24"
"23","00000000000","001","2022-06-30 18:01:15","20220630000193","PUR","1847665?FAU=L234SSV4               FID=001","sys_tracking_id=2019631 EXT_TRANS_ID=1847665?FAU=L234SSV4               FID=001","VISA","6","2022-06-30 14:38:27","6"
"23","00000000000","001","2022-06-30 18:01:15","20220630000199","PUR","1847662?FAU=L780MGIN               FID=001","sys_tracking_id=2019637 EXT_TRANS_ID=1847662?FAU=L780MGIN               FID=001","MC","6.24","2022-06-30 14:43:04","6.24"
"23","00000000000","001","2022-06-30 18:01:15","20220630000209","PUR","1847677?FAU=L349CNF0               FID=001","sys_tracking_id=2019647 EXT_TRANS_ID=1847677?FAU=L349CNF0               FID=001","AMEX","75","2022-06-30 15:09:39","75"
"23","00000000000","001","2022-06-30 18:01:15","20220630000211","PUR","1847678?FAU=L780MGIN               FID=001","sys_tracking_id=2019649 EXT_TRANS_ID=1847678?FAU=L780MGIN               FID=001","AMEX","6.24","2022-06-30 15:13:56","6.24"
"23","00000000000","001","2022-06-30 18:01:15","20220630000212","PUR","1847681?FAU=LKKBCONF               FID=001","sys_tracking_id=2019650 EXT_TRANS_ID=1847681?FAU=LKKBCONF               FID=001","MC","60","2022-06-30 15:16:33","60"
"23","00000000000","001","2022-06-30 18:01:15","20220630000217","PUR","1847683?FAU=L114MGIN               FID=001","sys_tracking_id=2019655 EXT_TRANS_ID=1847683?FAU=L114MGIN               FID=001","VISA","6.5","2022-06-30 15:25:44","6.5"
"23","00000000000","001","2022-06-30 18:01:15","20220630000219","PUR","1847687?FAU=L104MGINOTHER          FID=001","sys_tracking_id=2019657 EXT_TRANS_ID=1847687?FAU=L104MGINOTHER          FID=001","VISA","6","2022-06-30 15:28:34","6"
"23","00000000000","001","2022-06-30 18:01:16","20220630000220","PUR","1847689?FAU=LKKBCONF               FID=001","sys_tracking_id=2019658 EXT_TRANS_ID=1847689?FAU=LKKBCONF               FID=001","MC","60","2022-06-30 15:31:02","60"
"23","00000000000","001","2022-06-30 18:01:16","20220630000224","PUR","1847691?FAU=LKKBCONF               FID=001","sys_tracking_id=2019662 EXT_TRANS_ID=1847691?FAU=LKKBCONF               FID=001","MC","60","2022-06-30 15:36:44","60"
"23","00000000000","001","2022-06-30 18:01:16","20220630000229","PUR","1847692?FAU=LKKBCONF               FID=001","sys_tracking_id=2019667 EXT_TRANS_ID=1847692?FAU=LKKBCONF               FID=001","VISA","60","2022-06-30 15:42:17","60"
"23","00000000000","001","2022-06-30 18:01:16","20220630000230","PUR","1847693?FAU=L780MGIN               FID=001","sys_tracking_id=2019668 EXT_TRANS_ID=1847693?FAU=L780MGIN               FID=001","VISA","6.24","2022-06-30 15:43:33","6.24"
"23","00000000000","001","2022-06-30 18:01:16","20220630000232","PUR","1847698?FAU=LCNPCON2               FID=001","sys_tracking_id=2019670 EXT_TRANS_ID=1847698?FAU=LCNPCON2               FID=001","VISA","265","2022-06-30 15:48:05","265"
"23","00000000000","001","2022-06-30 18:01:16","20220630000240","PUR","1847701?FAU=LYFC4SLCY2022          FID=001","sys_tracking_id=2019678 EXT_TRANS_ID=1847701?FAU=LYFC4SLCY2022          FID=001","VISA","20","2022-06-30 16:06:38","20"
"23","00000000000","001","2022-06-30 18:01:16","20220630000247","PUR","1847704?FAU=L349CNF0               FID=001","sys_tracking_id=2019685 EXT_TRANS_ID=1847704?FAU=L349CNF0               FID=001","VISA","75","2022-06-30 16:17:28","75"
"23","00000000000","001","2022-06-30 18:01:16","20220630000263","PUR","1847719?FAU=L780MGIN               FID=001","sys_tracking_id=2019701 EXT_TRANS_ID=1847719?FAU=L780MGIN               FID=001","VISA","6.24","2022-06-30 16:51:34","6.24"
"23","00000000000","001","2022-06-30 18:01:16","20220630000268","PUR","1847726?FAU=L780MGIN               FID=001","sys_tracking_id=2019706 EXT_TRANS_ID=1847726?FAU=L780MGIN               FID=001","VISA","6.24","2022-06-30 17:01:28","6.24"
"23","00000000000","001","2022-06-30 18:01:16","20220630000270","PUR","1847728?FAU=L730MGV2               FID=001","sys_tracking_id=2019708 EXT_TRANS_ID=1847728?FAU=L730MGV2               FID=001","VISA","41.25","2022-06-30 17:04:27","41.25"
"23","00000000000","001","2022-06-30 18:01:17","20220630000287","PUR","1847746?FAU=L730MGIN               FID=001","sys_tracking_id=2019725 EXT_TRANS_ID=1847746?FAU=L730MGIN               FID=001","VISA","41","2022-06-30 17:49:44","41"
"35","00000000000","001","2022-06-30 18:01:22","20220629000302","PUR","cne:1656545029945FID=001","sys_tracking_id=2019329 EXT_TRANS_ID=cne:1656545029945FID=001","VISA","165","2022-06-29 18:25:27","165"
"35","00000000000","001","2022-06-30 18:01:22","20220629000308","PUR","cne:1656545741204FID=001","sys_tracking_id=2019335 EXT_TRANS_ID=cne:1656545741204FID=001","MC","260","2022-06-29 18:38:42","260"
"36","00000000000","002","2022-06-30 18:01:25","20220630000045","PUR","0e22ee4c-6176-4930-a234-44cc30c816d0FID=002","sys_tracking_id=2019478 EXT_TRANS_ID=0e22ee4c-6176-4930-a234-44cc30c816d0FID=002","VISA","300","2022-06-30 08:56:13","300"
"36","00000000000","001","2022-06-30 18:01:25","20220630000132","PUR","FID=001","FID=001","VISA","120","2022-06-30 12:50:28","120"
"36","00000000000","001","2022-06-30 18:01:25","20220630000172","PUR","FID=001","FID=001","VISA","120","2022-06-30 13:53:02","120"
"36","00000000000","001","2022-06-30 18:01:25","20220630000227","PUR","FID=001","FID=001","VISA","120","2022-06-30 15:41:15","120"
"36","00000000000","002","2022-06-30 18:01:25","20220630000249","PUR","32be703a-741b-46f3-8131-f0d332e78d18FID=002","sys_tracking_id=2019687 EXT_TRANS_ID=32be703a-741b-46f3-8131-f0d332e78d18FID=002","VISA","300","2022-06-30 16:22:54","300"
"36","00000000000","001","2022-06-30 18:01:25","20220630000269","PUR","FID=001","FID=001","VISA","120","2022-06-30 17:03:23","120"
"45","00000000000","001","2022-06-30 18:01:28","20220630000201","PUR","77933-1656617951 FID=001","sys_tracking_id=2019639 EXT_TRANS_ID=77933-1656617951 FID=001","VISA","4000","2022-06-30 14:43:49","4000"
"46","00000000000","001","2022-06-30 18:01:29","20220630000063","PUR","MO-146703785-1 FID=001 20015585","sys_tracking_id=2019496 EXT_TRANS_ID=MO-146703785-1 FID=001 20015585","VISA","3162.77","2022-06-30 09:52:47","3162.77"
"48","00000000000","002","2022-06-30 18:01:31","20220630000093","PUR","18990 FID=002 FAU=3L77310RMLKCR","sys_tracking_id=2019527 EXT_TRANS_ID=18990 FID=002 FAU=3L77310RMLKCR","VISA","600","2022-06-30 11:24:00","600"
"48","00000000000","002","2022-06-30 18:01:31","20220630000097","PUR","18991 FID=002 FAU=3L77310RMLKCR","sys_tracking_id=2019531 EXT_TRANS_ID=18991 FID=002 FAU=3L77310RMLKCR","VISA","600","2022-06-30 11:28:48","600"
"53","00000000000","012","2022-06-30 18:01:33","20220630000017","PUR","FID=012 FAU=SCBHABTP TWWJ6SVZM2","sys_tracking_id=2019449 EXT_TRANS_ID=FID=012 FAU=SCBHABTP TWWJ6SVZM2","AMEX","1100","2022-06-30 02:42:50","1100"
"65","00000000000","200","2022-06-30 18:01:36","20220211000005","CR","7910705e-a494-4b29-aae4-6922501b92b4  FID=200","sys_tracking_id=1953700 Buyer=John Smith EXT_TRANS_ID=7910705e-a494-4b29-aae4-6922501b92b4  FID=200","VISA","-300","2022-06-30 10:58:39","-300"
"82","00000000000","A01","2022-06-30 00:00:05","20220629000005","PUR","FID=A01 20220628T234126Z10406","sys_tracking_id=2019014 EXT_TRANS_ID=FID=A01 20220628T234126Z10406","VISA","86.15","2022-06-29 01:42:24","86.15"
"82","00000000000","A01","2022-06-30 00:00:05","20220629000012","PUR","FID=A01 20220629T001304Z24440","sys_tracking_id=2019021 EXT_TRANS_ID=FID=A01 20220629T001304Z24440","MC","4800","2022-06-29 02:15:56","4800"
"82","00000000000","A01","2022-06-30 00:00:05","20220629000067","PUR","FID=A01 20220629T072201Z24401","sys_tracking_id=2019077 EXT_TRANS_ID=FID=A01 20220629T072201Z24401","MC","441","2022-06-29 09:23:34","441"
"82","00000000000","A01","2022-06-30 00:00:05","20220629000095","PUR","FID=A01 20220629T085507Z12877","sys_tracking_id=2019106 EXT_TRANS_ID=FID=A01 20220629T085507Z12877","AMEX","148.25","2022-06-29 10:57:11","148.25"
"82","00000000000","A01","2022-06-30 00:00:06","20220629000105","PUR","FID=A01 20220629T092502Z24448","sys_tracking_id=2019118 EXT_TRANS_ID=FID=A01 20220629T092502Z24448","VISA","85.05","2022-06-29 11:26:17","85.05"
"82","00000000000","A01","2022-06-30 00:00:06","20220629000112","PUR","FID=A01 20220629T094334Z8473","sys_tracking_id=2019125 EXT_TRANS_ID=FID=A01 20220629T094334Z8473","MC","3500","2022-06-29 11:44:39","3500"
"82","00000000000","A01","2022-06-30 00:00:06","20220629000113","PUR","FID=A01 20220629T094507Z8473","sys_tracking_id=2019126 EXT_TRANS_ID=FID=A01 20220629T094507Z8473","VISA","2200","2022-06-29 11:46:00","2200"
"82","00000000000","A01","2022-06-30 00:00:06","20220629000119","PUR","FID=A01 20220629T095541Z21019","sys_tracking_id=2019132 EXT_TRANS_ID=FID=A01 20220629T095541Z21019","VISA","9","2022-06-29 11:56:22","9"
"82","00000000000","A01","2022-06-30 00:00:06","20220629000148","PUR","FID=A01 20220629T113354Z21543","sys_tracking_id=2019162 EXT_TRANS_ID=FID=A01 20220629T113354Z21543","VISA","13.05","2022-06-29 13:35:04","13.05"
"82","00000000000","A01","2022-06-30 00:00:06","20220629000161","PUR","FID=A01 20220629T120808Z10318","sys_tracking_id=2019175 EXT_TRANS_ID=FID=A01 20220629T120808Z10318","VISA","74.15","2022-06-29 14:09:39","74.15"
"82","00000000000","A01","2022-06-30 00:00:06","20220629000175","PUR","FID=A01 20220629T122839Z18346","sys_tracking_id=2019191 EXT_TRANS_ID=FID=A01 20220629T122839Z18346","VISA","460.15","2022-06-29 14:29:18","460.15"
"82","00000000000","A01","2022-06-30 00:00:06","20220629000179","PUR","FID=A01 20220629T123351Z134","sys_tracking_id=2019195 EXT_TRANS_ID=FID=A01 20220629T123351Z134","VISA","48.95","2022-06-29 14:35:42","48.95"
"82","00000000000","A01","2022-06-30 00:00:06","20220629000199","PUR","FID=A01 20220629T130128Z17279","sys_tracking_id=2019222 EXT_TRANS_ID=FID=A01 20220629T130128Z17279","VISA","60.98","2022-06-29 15:02:09","60.98"
"82","00000000000","A01","2022-06-30 00:00:07","20220629000233","PUR","FID=A01 20220629T135458Z19504","sys_tracking_id=2019256 EXT_TRANS_ID=FID=A01 20220629T135458Z19504","VISA","48.22","2022-06-29 15:55:50","48.22"
"82","00000000000","A01","2022-06-30 00:00:07","20220629000251","PUR","FID=A01 20220629T142455Z16632","sys_tracking_id=2019277 EXT_TRANS_ID=FID=A01 20220629T142455Z16632","MC","86","2022-06-29 16:25:57","86"
"82","00000000000","A01","2022-06-30 00:00:07","20220629000274","PUR","FID=A01 20220629T150919Z24229","sys_tracking_id=2019301 EXT_TRANS_ID=FID=A01 20220629T150919Z24229","VISA","24","2022-06-29 17:10:20","24"
"82","00000000000","A01","2022-06-30 00:00:07","20220629000293","PUR","FID=A01 20220629T155816Z23321","sys_tracking_id=2019320 EXT_TRANS_ID=FID=A01 20220629T155816Z23321","VISA","33.55","2022-06-29 18:00:56","33.55"
"82","00000000000","A01","2022-06-30 00:00:07","20220629000311","PUR","FID=A01 20220629T164021Z24475","sys_tracking_id=2019338 EXT_TRANS_ID=FID=A01 20220629T164021Z24475","VISA","6600","2022-06-29 18:41:45","6600"
"82","00000000000","A01","2022-06-30 00:00:07","20220629000327","PUR","FID=A01 20220629T172100Z7131","sys_tracking_id=2019356 EXT_TRANS_ID=FID=A01 20220629T172100Z7131","VISA","1422.42","2022-06-29 19:21:53","1422.42"
"82","00000000000","A01","2022-06-30 00:00:07","20220629000362","PUR","FID=A01 20220629T185116Z24473","sys_tracking_id=2019391 EXT_TRANS_ID=FID=A01 20220629T185116Z24473","AMEX","405","2022-06-29 20:54:02","405"
"82","00000000000","A01","2022-06-30 00:00:07","20220629000366","PUR","FID=A01 20220629T185809Z20993","sys_tracking_id=2019395 EXT_TRANS_ID=FID=A01 20220629T185809Z20993","MC","31","2022-06-29 20:59:14","31"
"82","00000000000","A01","2022-06-30 00:00:07","20220629000385","PUR","FID=A01 20220629T202839Z24479","sys_tracking_id=2019414 EXT_TRANS_ID=FID=A01 20220629T202839Z24479","VISA","1550","2022-06-29 22:29:25","1550"
"82","00000000000","A01","2022-06-30 00:00:08","20220629000389","PUR","FID=A01 20220629T205542Z24454","sys_tracking_id=2019419 EXT_TRANS_ID=FID=A01 20220629T205542Z24454","VISA","3700","2022-06-29 22:56:22","3700"
"84","00000000000","115","2022-06-30 18:01:44","20220629000298","PUR","CES=205210,FID=115FAU=3BBUSOPS","sys_tracking_id=2019325 EXT_TRANS_ID=CES=205210,FID=115FAU=3BBUSOPS","VISA","15.82","2022-06-29 18:16:09","15.82"
"84","00000000000","115","2022-06-30 18:01:44","20220629000342","PUR","CES=205211,FID=115FAU=3BBUSOPS","sys_tracking_id=2019371 EXT_TRANS_ID=CES=205211,FID=115FAU=3BBUSOPS","DISC","15.82","2022-06-29 19:47:02","15.82"
"84","00000000000","115","2022-06-30 18:01:44","20220629000349","PUR","CES=205212,FID=115FAU=3BBUSOPS","sys_tracking_id=2019378 EXT_TRANS_ID=CES=205212,FID=115FAU=3BBUSOPS","VISA","15.82","2022-06-29 19:59:57","15.82"
"84","00000000000","115","2022-06-30 18:01:45","20220629000356","PUR","CES=205213,FID=115FAU=3BBUSOPS","sys_tracking_id=2019385 EXT_TRANS_ID=CES=205213,FID=115FAU=3BBUSOPS","VISA","15.82","2022-06-29 20:33:21","15.82"
"84","00000000000","115","2022-06-30 18:01:45","20220629000376","PUR","CES=205214,FID=115FAU=3BBUSOPS","sys_tracking_id=2019405 EXT_TRANS_ID=CES=205214,FID=115FAU=3BBUSOPS","VISA","15.82","2022-06-29 21:37:41","15.82"
"84","00000000000","115","2022-06-30 18:01:45","20220630000004","PUR","CES=205215,FID=115FAU=3BBUSOPS","sys_tracking_id=2019436 EXT_TRANS_ID=CES=205215,FID=115FAU=3BBUSOPS","VISA","31.64","2022-06-30 00:34:46","31.64"
"84","00000000000","115","2022-06-30 18:01:46","20220630000008","PUR","CES=205217,FID=115FAU=3BBUSOPS","sys_tracking_id=2019440 EXT_TRANS_ID=CES=205217,FID=115FAU=3BBUSOPS","DISC","15.82","2022-06-30 00:59:06","15.82"
"84","00000000000","115","2022-06-30 18:01:46","20220630000009","PUR","CES=205218,FID=115FAU=3BBUSOPS","sys_tracking_id=2019441 EXT_TRANS_ID=CES=205218,FID=115FAU=3BBUSOPS","VISA","15.82","2022-06-30 01:02:42","15.82"
"84","00000000000","115","2022-06-30 18:01:46","20220630000023","PUR","CES=205220,FID=115FAU=3BBUSOPS","sys_tracking_id=2019455 EXT_TRANS_ID=CES=205220,FID=115FAU=3BBUSOPS","VISA","15.82","2022-06-30 04:09:53","15.82"
"84","00000000000","115","2022-06-30 18:01:46","20220630000078","PUR","CES=205221,FID=115FAU=3BBUSOPS","sys_tracking_id=2019511 EXT_TRANS_ID=CES=205221,FID=115FAU=3BBUSOPS","VISA","15.82","2022-06-30 10:31:49","15.82"
"84","00000000000","115","2022-06-30 18:01:46","20220630000096","PUR","CES=205223,FID=115FAU=3BBUSOPS","sys_tracking_id=2019530 EXT_TRANS_ID=CES=205223,FID=115FAU=3BBUSOPS","MC","15.82","2022-06-30 11:28:25","15.82"
"84","00000000000","115","2022-06-30 18:01:46","20220630000100","PUR","CES=205224,FID=115FAU=3BBUSOPS","sys_tracking_id=2019534 EXT_TRANS_ID=CES=205224,FID=115FAU=3BBUSOPS","VISA","15.82","2022-06-30 11:34:36","15.82"
"84","00000000000","115","2022-06-30 18:01:46","20220630000129","PUR","CES=205225,FID=115FAU=3BBUSOPS","sys_tracking_id=2019564 EXT_TRANS_ID=CES=205225,FID=115FAU=3BBUSOPS","MC","15.82","2022-06-30 12:47:39","15.82"
"84","00000000000","115","2022-06-30 18:01:47","20220630000148","PUR","CES=205227,FID=115FAU=3BBUSOPS","sys_tracking_id=2019585 EXT_TRANS_ID=CES=205227,FID=115FAU=3BBUSOPS","VISA","15.82","2022-06-30 13:17:10","15.82"
"84","00000000000","115","2022-06-30 18:01:47","20220630000195","PUR","CES=205228,FID=115FAU=3BBUSOPS","sys_tracking_id=2019633 EXT_TRANS_ID=CES=205228,FID=115FAU=3BBUSOPS","VISA","15.82","2022-06-30 14:40:18","15.82"
"84","00000000000","115","2022-06-30 18:01:47","20220630000205","PUR","CES=205229,FID=115FAU=3BBUSOPS","sys_tracking_id=2019643 EXT_TRANS_ID=CES=205229,FID=115FAU=3BBUSOPS","VISA","15.82","2022-06-30 14:59:32","15.82"
"84","00000000000","115","2022-06-30 18:01:47","20220630000221","PUR","CES=205230,FID=115FAU=3BBUSOPS","sys_tracking_id=2019659 EXT_TRANS_ID=CES=205230,FID=115FAU=3BBUSOPS","VISA","15.82","2022-06-30 15:33:40","15.82"
"84","00000000000","115","2022-06-30 18:01:47","20220630000233","PUR","CES=205231,FID=115FAU=3BBUSOPS","sys_tracking_id=2019671 EXT_TRANS_ID=CES=205231,FID=115FAU=3BBUSOPS","VISA","15.82","2022-06-30 15:52:19","15.82"
"84","00000000000","115","2022-06-30 18:01:47","20220630000272","PUR","CES=205232,FID=115FAU=3BBUSOPS","sys_tracking_id=2019710 EXT_TRANS_ID=CES=205232,FID=115FAU=3BBUSOPS","VISA","15.82","2022-06-30 17:06:12","15.82"
"84","00000000000","115","2022-06-30 18:01:47","20220630000282","PUR","CES=205233,FID=115FAU=3BBUSOPS","sys_tracking_id=2019721 EXT_TRANS_ID=CES=205233,FID=115FAU=3BBUSOPS","VISA","15.82","2022-06-30 17:41:24","15.82"
"84","00000000000","115","2022-06-30 18:01:47","20220630000292","PUR","CES=205234,FID=115FAU=3BBUSOPS","sys_tracking_id=2019730 EXT_TRANS_ID=CES=205234,FID=115FAU=3BBUSOPS","MC","15.82","2022-06-30 18:01:05","15.82"
